gene,start,end,rep1_bri,rep2_bri,rep1_wt,rep2_wt,pval
AT1G54160.1,0,927,0,0,0,0,NA
CBF4,0,675,0,1,0,1,0.999999999999895
DDF1,0,1074,0,1,0,0,0.999999997179226
DREB1A,0,908,0,0,0,0,NA
DREB2A,0,1722,0,5,2,12,0.00351933264501514
DRFL1a,0,1662,172,1374,130,997,0.0000982541502183186
ERD15,0,1311,0,5,0,0,0.190599672904031
IRE-Arabidopsis,0,2646,0,1,0,0,0.999999997179226
IRE-BD,0,2679,25,176,10,106,0.527305363797183
cor15a,0,1299,0,0,0,0,NA
cor15a_precursor,0,505,0,0,0,0,NA
